INSERT INTO pais (nombre, iso2) VALUES
  ("Afganistán","AF"),
  ("Albania","AL"),
  ("Alemania","DE"),
  ("Andorra","AD"),
  ("Angola","AO"),
  ("Anguila","AI"),
  ("Antártida","AQ"),
  ("Antigua y Barbuda","AG"),
  ("Arabia Saudita","SA"),
  ("Argelia","DZ"),
  ("Argentina","AR"),
  ("Armenia","AM"),
  ("Aruba","AW"),
  ("Australia","AU"),
  ("Austria","AT"),
  ("Azerbaiyán","AZ"),
  ("Bélgica","BE"),
  ("Bahamas","BS"),
  ("Bahrein","BH"),
  ("Bangladesh","BD"),
  ("Barbados","BB"),
  ("Belice","BZ"),
  ("Benín","BJ"),
  ("Bhután","BT"),
  ("Bielorrusia","BY"),
  ("Birmania","MM"),
  ("Bolivia","BO"),
  ("Bosnia y Herzegovina","BA"),
  ("Botsuana","BW"),
  ("Brasil","BR"),
  ("Brunéi","BN"),
  ("Bulgaria","BG"),
  ("Burkina Faso","BF"),
  ("Burundi","BI"),
  ("Cabo Verde","CV"),
  ("Camboya","KH"),
  ("Camerún","CM"),
  ("Canadá","CA"),
  ("Chad","TD"),
  ("Chile","CL"),
  ("China","CN"),
  ("Chipre","CY"),
  ("Ciudad del Vaticano","VA"),
  ("Colombia","CO"),
  ("Comoras","KM"),
  ("República del Congo","CG"),
  ("República Democrática del Congo","CD"),
  ("Corea del Norte","KP"),
  ("Corea del Sur","KR"),
  ("Costa de Marfil","CI"),
  ("Costa Rica","CR"),
  ("Croacia","HR"),
  ("Cuba","CU"),
  ("Curazao","CW"),
  ("Dinamarca","DK"),
  ("Dominica","DM"),
  ("Ecuador","EC"),
  ("Egipto","EG"),
  ("El Salvador","SV"),
  ("Emiratos Árabes Unidos","AE"),
  ("Eritrea","ER"),
  ("Eslovaquia","SK"),
  ("Eslovenia","SI"),
  ("España","ES"),
  ("Estados Unidos de América","US"),
  ("Estonia","EE"),
  ("Etiopía","ET"),
  ("Filipinas","PH"),
  ("Finlandia","FI"),
  ("Fiyi","FJ"),
  ("Francia","FR"),
  ("Gabón","GA"),
  ("Gambia","GM"),
  ("Georgia","GE"),
  ("Ghana","GH"),
  ("Gibraltar","GI"),
  ("Granada","GD"),
  ("Grecia","GR"),
  ("Groenlandia","GL"),
  ("Guadalupe","GP"),
  ("Guam","GU"),
  ("Guatemala","GT"),
  ("Guayana Francesa","GF"),
  ("Guernsey","GG"),
  ("Guinea","GN"),
  ("Guinea Ecuatorial","GQ"),
  ("Guinea-Bissau","GW"),
  ("Guyana","GY"),
  ("Haití","HT"),
  ("Honduras","HN"),
  ("Hong kong","HK"),
  ("Hungría","HU"),
  ("India","IN"),
  ("Indonesia","ID"),
  ("Irán","IR"),
  ("Irak","IQ"),
  ("Irlanda","IE"),
  ("Isla Bouvet","BV"),
  ("Isla de Man","IM"),
  ("Isla de Navidad","CX"),
  ("Isla Norfolk","NF"),
  ("Islandia","IS"),
  ("Islas Bermudas","BM"),
  ("Islas Caimán","KY"),
  ("Islas Cocos (Keeling)","CC"),
  ("Islas Cook","CK"),
  ("Islas de Åland","AX"),
  ("Islas Feroe","FO"),
  ("Islas Georgias del Sur y Sandwich del Sur","GS"),
  ("Islas Heard y McDonald","HM"),
  ("Islas Maldivas","MV"),
  ("Islas Malvinas","FK"),
  ("Islas Marianas del Norte","MP"),
  ("Islas Marshall","MH"),
  ("Islas Pitcairn","PN"),
  ("Islas Salomón","SB"),
  ("Islas Turcas y Caicos","TC"),
  ("Islas Ultramarinas Menores de Estados Unidos","UM"),
  ("Islas Vírgenes Británicas","VG"),
  ("Islas Vírgenes de los Estados Unidos","VI"),
  ("Israel","IL"),
  ("Italia","IT"),
  ("Jamaica","JM"),
  ("Japón","JP"),
  ("Jersey","JE"),
  ("Jordania","JO"),
  ("Kazajistán","KZ"),
  ("Kenia","KE"),
  ("Kirguistán","KG"),
  ("Kiribati","KI"),
  ("Kuwait","KW"),
  ("Líbano","LB"),
  ("Laos","LA"),
  ("Lesoto","LS"),
  ("Letonia","LV"),
  ("Liberia","LR"),
  ("Libia","LY"),
  ("Liechtenstein","LI"),
  ("Lituania","LT"),
  ("Luxemburgo","LU"),
  ("México","MX"),
  ("Mónaco","MC"),
  ("Macao","MO"),
  ("Macedônia","MK"),
  ("Madagascar","MG"),
  ("Malasia","MY"),
  ("Malawi","MW"),
  ("Mali","ML"),
  ("Malta","MT"),
  ("Marruecos","MA"),
  ("Martinica","MQ"),
  ("Mauricio","MU"),
  ("Mauritania","MR"),
  ("Mayotte","YT"),
  ("Micronesia","FM"),
  ("Moldavia","MD"),
  ("Mongolia","MN"),
  ("Montenegro","ME"),
  ("Montserrat","MS"),
  ("Mozambique","MZ"),
  ("Namibia","NA"),
  ("Nauru","NR"),
  ("Nepal","NP"),
  ("Nicaragua","NI"),
  ("Niger","NE"),
  ("Nigeria","NG"),
  ("Niue","NU"),
  ("Noruega","NO"),
  ("Nueva Caledonia","NC"),
  ("Nueva Zelanda","NZ"),
  ("Omán","OM"),
  ("Países Bajos","NL"),
  ("Pakistán","PK"),
  ("Palau","PW"),
  ("Palestina","PS"),
  ("Panamá","PA"),
  ("Papúa Nueva Guinea","PG"),
  ("Paraguay","PY"),
  ("Perú","PE"),
  ("Polinesia Francesa","PF"),
  ("Polonia","PL"),
  ("Portugal","PT"),
  ("Puerto Rico","PR"),
  ("Qatar","QA"),
  ("Reino Unido","GB"),
  ("República Centroafricana","CF"),
  ("República Checa","CZ"),
  ("República Dominicana","DO"),
  ("República de Sudán del Sur","SS"),
  ("Reunión","RE"),
  ("Ruanda","RW"),
  ("Rumanía","RO"),
  ("Rusia","RU"),
  ("Sahara Occidental","EH"),
  ("Samoa","WS"),
  ("Samoa Americana","AS"),
  ("San Bartolomé","BL"),
  ("San Cristóbal y Nieves","KN"),
  ("San Marino","SM"),
  ("San Martín (Francia)","MF"),
  ("San Pedro y Miquelón","PM"),
  ("San Vicente y las Granadinas","VC"),
  ("Santa Elena","SH"),
  ("Santa Lucía","LC"),
  ("Santo Tomé y Príncipe","ST"),
  ("Senegal","SN"),
  ("Serbia","RS"),
  ("Seychelles","SC"),
  ("Sierra Leona","SL"),
  ("Singapur","SG"),
  ("Sint Maarten","SX"),
  ("Siria","SY"),
  ("Somalia","SO"),
  ("Sri lanka","LK"),
  ("Sudáfrica","ZA"),
  ("Sudán","SD"),
  ("Suecia","SE"),
  ("Suiza","CH"),
  ("Surinám","SR"),
  ("Svalbard y Jan Mayen","SJ"),
  ("Swazilandia","SZ"),
  ("Tayikistán","TJ"),
  ("Tailandia","TH"),
  ("Taiwán","TW"),
  ("Tanzania","TZ"),
  ("Territorio Británico del Océano Índico","IO"),
  ("Territorios Australes y Antárticas Franceses","TF"),
  ("Timor Oriental","TL"),
  ("Togo","TG"),
  ("Tokelau","TK"),
  ("Tonga","TO"),
  ("Trinidad y Tobago","TT"),
  ("Tunez","TN"),
  ("Turkmenistán","TM"),
  ("Turquía","TR"),
  ("Tuvalu","TV"),
  ("Ucrania","UA"),
  ("Uganda","UG"),
  ("Uruguay","UY"),
  ("Uzbekistán","UZ"),
  ("Vanuatu","VU"),
  ("Venezuela","VE"),
  ("Vietnam","VN"),
  ("Wallis y Futuna","WF"),
  ("Yemen","YE"),
  ("Yibuti","DJ"),
  ("Zambia","ZM"),
  ("Zimbabue","ZW");

  INSERT INTO generos (nombre, instrumentacion, pais) VALUES
  ("Pop", "Guitarra y bajo", "US y UK", 30000,5),
 ("Pop", "Guitarra y bajo", "US y UK", 30000,5),
("Pop", "Guitarra y bajo", "US y UK", 30000,5),

INSERT INTO artistas (nombre, nombre de nacimiento, fecha de nacimiento, año de inicio, pais, genero) VALUES
  ("John Legend", "John Roger Stephens", "28-dic-78","2001","US", "P", 30000,5),
  ("Michael Jackson", "Michael Joseph Jackson", "29-ago-58", "1964-2009", "US",	"J", 30000,5),
  ("Zara Larsson", "Zara Maria Larsson", "16-dic-97", "2008", "SE", "HP", 30000,5),
  ("Eminem", "Marshall Bruce Mathers III", "17-oct-72", "1988", "US", "EP", 30000,5),
  ("Ellie Goulding", "Elena Jane Goulding", "30-dic-86", "2007", "UK", "R", 30000,5),


INSERT INTO discos (nombre, fecha de lanzamiento, cantidad de canciones, artista) VALUES
  ("Love in the future", "30-ago-13", "John Legend", "16 canciones", 141),
  ("Bad", "31-ago-87", "Michael Jackson", "11 canciones", 141),
  ("So Good", "17-mar-17", "Zara Larsson", "15 canciones", 141),
  ("Encore", "12-nov-04", "Eminem", "23 canciones", 141),
  ("Halcyon", "5-oct-17", "Ellie Goulding", "18 canciones", 141),


INSERT INTO canciones (nombre, duarcion, disco, artista) VALUES
  ("Green Light", "5:41 min", "Love in the future","John Legend", 30000),
  ("Smooth Criminal", "4:16 min", "Bad","Michael Jackson", 30000),
  ("WOW", "3:00 min", "So Good", "Zara Larsson", 30000),
  ("Venom", "4:55 min", "Encore","Eminem", 30000),
  ("Return to love", "4:32 min", "Halcyon","Ellie Goulding", 30000),

